add_1,add_2,add_3,add_4,add_5,add_6
HIGH STREET,,81,SA11 5AL,GLYNNEATH,
PL19 8DH,,PIXON TRADING CENTRE,PIXON LANE,,UNIT 3
,PENTON CHAPEL,EX6 7NP,CHRISTOW,,
9A,UB6 8RU,,,,SHELLEY AVENUE
16,ANNS HILL ROAD,,PO12 3JY,,
,PA19 1PY,,MCCALLUM CRESCENT,21,
,,SMITHS WHARF,3,,OX12 9GG
DT11 7FS,,,,RIFLES WAY,3
,CHANDOS AVENUE,W5 4ER,,,4
,31,LE5 5BX,,SHIPLEY ROAD,
,,SA13 2YD,GOYTRE CRESCENT,26,
FLAT 1,M32 8BH,,STRETFORD,17,DERBYSHIRE LANE
,STEETON,,BD20 6RG,INGS ROAD,19
M3 5DX,,DEARMANS PLACE,1 ALCOCK HOUSE,,
12,,,GLEBE ROAD,DN35 8DA,
SHAFTESBURY WAY,,WD4 8NN,,20,
,RIPON GARDENS,20,SK17 9PL,,
WD6 1UT,,LEXINGTON CLOSE,16,,
LE12 9NQ,WIGHTMAN CLOSE,,SHEPSHED,23,
,,143,KIRKLINGTON ROAD,RAINWORTH,NG21 0LA
,ARUNDEL PLACE,33 LINCOLN HOUSE,PR1 3RQ,,
HAZELLVILLE ROAD,FLAT 45,,N19 3LU,53,LOUISE WHITE HOUSE
,107,,DN31 2EX,MACAULAY STREET,
,,LA1 3SR,,MASONFIELD CRESCENT,37
DT11 0JP,,CHAPEL STREET,MILBORNE ST. ANDREW,LITTLE THATCH,
,,,N6 4NB,13,SHELDON AVENUE
,NG2 4JJ,,NEWARK AVENUE,,7
164A,,,ASHBY HIGH STREET,,DN16 2JS
,83,NG8 2BR,,TORVILL DRIVE,
,,,DL3 7FD,SCHOLARS PARK,10 DURHAM HOUSE
MARSH STREET,,22,,,BD5 9PB
,20,,MEASHAM,BLACKTHORN WAY,DE12 7ND
2,HX6 4RW,REGAL DRIVE,,,
,DAYTONA DRIVE,,9,NORTHOP HALL,CH7 6LP
SPENCER ROAD,,DE56 1JW,85,,
CH41 7DQ,3,,HILLBURN DRIVE,,
,,,LE3 3FG,LARCH GROVE,52
18,,M41 0UQ,,FURNESS ROAD,URMSTON
,4,,,SEVERNMEAD,HP2 6DX
HX3 9XF,10,,,SHIBDEN HALL CROFT,
PA19 1PQ,ST. JOHNS ROAD,,36F,,
BD20 5UF,,,EAST MORTON,SUNNYDALE PARK,3
LU1 2SJ,,,06-Aug,STUART STREET,
,,BANK HOUSE ROAD,58,FLAT 37,M9 8LT
NG21 0DF,RAINWORTH,18,,,THE CLOSE
,20,,,TR1 3UF,CATHEDRAL VIEW
OLIVE STREET,WALDRIDGE,DH2 3SQ,,,6
KA27 8AU,,,,BRODICK,THE PIER
MEASHAM,,DYSONS CLOSE,DE12 7NP,,107
,,CT19 5UG,,13,UPTON CLOSE
HIGH STREET,SALTNEY,CH4 8SG,,,149
DE12 8EP,THE MALTHOUSE,,MALTHOUSE FARM,LULLINGTON ROAD,COTON-IN-THE-ELMS
,CRAWFORD CRESCENT,CR5 3GL,9,,
KINGSWAY,,,216,LE3 2TW,
M9 4ED,69,,,,BEVERLEY STREET
63,,,CT20 1DF,,CHERITON ROAD
,M40 2RR,,,55,AMOS AVENUE
,BEVERLEY AVENUE,WYKE,23,BD12 9AX,
,,,34,DL3 8AT,EDINBURGH DRIVE
,27,IMPERIAL AVENUE,,LE3 1AH,
LS29 7LQ,,BURLEY IN WHARFEDALE,MANSFIELD ROAD,2,
2A,,,CF23 6DW,,TORRENS DRIVE
,WRAYCROFT,GL6 9EQ,,MINCHINHAMPTON,CIRENCESTER ROAD
,S61 3PG,,43,,EILAM ROAD
94,,,SHEPSHED,LE12 9BL,FAIRWAY ROAD
ELM BEDS ROAD,,,POYNTON,SK12 1TG,19
BUNNY WELL FARM,TURNERS LANE,HERSHAM,,,KT12 4AW
,IV30 6JA,,BIRNIE ROAD,13,
,,CHURCH HILL,KIRKBY-IN-ASHFIELD,NG17 8LJ,24
,CASTLE HILL AVENUE,HILLSTONE COURT 22-24,FLAT 8,CT20 2QT,
JELLICOE ROAD,,,,13,LE5 4FP
ARNOLD,,NG5 6FQ,,25,DEERLEAP DRIVE
,LIBERTY GROVE,,,12,NP19 0NA
121 CARTSDYKE APARTMENTS,BAXTER STREET,,,,PA15 2TS
,OX28 5GH,FARMINGTON DRIVE,,,37
LE2 8TH,,AYLESTONE,77,WIGSTON LANE,
,PARKSIDE AVENUE,,BD13 2HQ,18,QUEENSBURY
MUDBANK LANE,,EX8 3EG,,BRICKFIELD COTTAGE,
,3,SEYMOUR CHASE,CM16 6FE,,
106,,BL3 3ER,AINSDALE ROAD,,
,,,EX33 1RD,ASHTON CRESCENT,25
,,WESTERN WAY,14,,PO12 2NG
B14 5JN,,,FORDER GROVE,,5
UNIT 1,,SG6 1HR,,UMO PARK,BLACKHORSE ROAD
PO8 9TN,KINGS MEDE,,,,8
CB9 7XZ,UNIT 4,,,,FALCONER ROAD
NG15 9DR,2,,CHAPEL LANE,RAVENSHEAD,
15,,CARLTON,POPLAR CLOSE,NG4 1HF,
,COURT ROAD,16,,,PA14 5PR
HOLLANDS ROAD,,BN5 9UJ,1,,
COUNTY ROAD,,,,L39 3LU,201
CARLTON,,65,NG4 1GS,MORELAND COURT,
,,,HATTERSLEY WAY,L39 2AN,1
SOUTHFIELD CLOSE,,,SK16 5RX,14,
,,NORTH RISE,,50,CF14 0RN
,HP4 2QX,HOMEFIELD,POTTEN END,8,
,COLCHESTER ROAD,HA8 0QX,107,,
,HERSHAM ROAD,191,KT12 5NR,,HERSHAM
,CHADDERTON,OL9 0AY,38,CATHEDRAL ROAD,
KEATS AVENUE,11,,NG17 2GH,,
